id,cat,slug,title_es
1525,cocinas,cocina-encimera-porcelanico-calacatta,Cocina con encimera de porcelánico efecto calacatta
1526,cocinas,isla-cocina-porcelanico-calacatta,Isla de cocina de porcelánico efecto calacatta
0648,cocinas,encimera-calacatta-cocina-madera,Encimera efecto calacatta en cocina de madera
1185,cocinas,encimera-porcelanica-efecto-oxido,Encimera porcelánica efecto óxido con frentes de nogal
1189,cocinas,encimera-porcelanica-efecto-oxido,Encimera porcelánica efecto óxido y fregadero bajo encimera
0775,cocinas,isla-cocina-curva-blanca,Isla de cocina curva blanca en cocina de nogal
0091,cocinas,isla-cocina-curva-blanca,Isla de cocina de formas redondeadas
0552,cocinas,encimera-porcelanico-blanco-cocina-madera,Encimera de porcelánico blanco veteado en cocina de madera
1088,cocinas,isla-cocina-cuarzo-blanco,Isla de cocina de cuarzo blanco con canto grueso
0744,cocinas,isla-cocina-porcelanico-gris,Isla de cocina de porcelánico gris veteado
1239,cocinas,cocina-encimera-negra-cascada,Cocina con encimera negra veteada y lateral en cascada
1241,cocinas,cocina-encimera-negra-cascada,Península con encimera negra en cascada
0343,cocinas,encimera-cuarzo-calacatta-cocina,Encimera de cuarzo efecto calacatta en cocina en L
0435,cocinas,encimera-calacatta-fregadero-bajo-encimera,Encimera efecto calacatta con fregadero bajo encimera
0904,cocinas,encimera-piedra-oscura-frontal,Encimera y frontal de piedra oscura en cocina moderna
1090,cocinas,encimera-marmol-oscuro-cocina,Encimera oscura efecto mármol con frontal a juego
0563,cocinas,encimera-porcelanico-negro-vetas-doradas,Encimera de porcelánico negro con vetas doradas
1750,cocinas,encimera-granito-cocina,Encimera de granito en cocina clásica
1743,cocinas,fregadero-integrado-escurridor,Fregadero integrado gris con escurridor ranurado
1742,cocinas,fregadero-integrado-escurridor,Encimera gris con fregadero integrado sin juntas
1173,cocinas,fregadero-integrado-encimera-oscura,Fregadero integrado en encimera gris oscuro
0049,cocinas,frontal-cocina-porcelanico,Frontal de cocina de porcelánico blanco y negro
0391,banos,lavabo-suspendido-solid-surface,Lavabo suspendido de solid surface con pared de mármol
0858,banos,lavabo-redondo-solid-surface,Lavabo redondo de solid surface con espejo iluminado
0579,banos,lavabo-redondo-solid-surface,Encimera de baño con lavabo redondo integrado
0492,banos,lavabo-integrado-mueble-roble,Lavabo integrado blanco sobre mueble de roble
0842,banos,lavabo-desague-oculto,Encimera de baño gris con desagüe oculto de ranura
1466,banos,lavabo-suspendido-porcelanico-calacatta,Lavabo suspendido de porcelánico efecto calacatta
1468,banos,lavabo-suspendido-porcelanico-calacatta,Lavabo de porcelánico calacatta con cubeta integrada
1587,banos,lavabo-triangular-suspendido,Lavabo triangular suspendido de solid surface
1521,banos,lavabo-cubo-suspendido,Lavabo cubo suspendido blanco
1600,banos,lavabo-integrado-porcelanico-gris,Lavabo integrado de porcelánico gris veteado
0576,banos,lavabo-escultorico-curvo,Lavabo escultórico de formas curvas
1403,banos,lavabo-suspendido-blanco-pared-marmol,Lavabo suspendido blanco con pared de mármol
0767,banos,lavabo-integrado-porcelanico,Lavabo integrado de porcelánico gris con grifería mural
0584,banos,encimera-bano-curva,Encimera de baño curva con lavabo y repisa
1144,banos,lavabo-integrado-efecto-madera,Lavabo integrado efecto madera
0730,banos,encimera-bano-tres-lavabos,Encimera de baño con tres lavabos sobre encimera
0310,banos,encimera-bano-negra-vetas-doradas,Encimera de baño negra con vetas doradas
1283,banos,encimera-doble-lavabo-marmol-gris,Encimera de doble lavabo efecto mármol gris
1205,escaleras,escalera-volada-led,Escalera volada con peldaños blancos e iluminación LED
1209,escaleras,escalera-volada-led,Escalera volada con luz LED bajo cada peldaño
0289,escaleras,escalera-volada-blanca,Escalera volada de peldaños blancos
0126,escaleras,escalera-marmol-oscuro-led,Escalera de mármol oscuro con iluminación LED
0204,escaleras,escalera-marmol-oscuro-led,Peldaños de piedra oscura con LED integrado
0064,escaleras,escalera-marmol-oscuro-led,Escalera de piedra oscura iluminada
0356,revestimientos,chimenea-porcelanico-negro,Chimenea revestida de porcelánico negro veteado
0683,revestimientos,chimenea-porcelanico-negro,Revestimiento de chimenea en porcelánico gran formato
1411,revestimientos,chimenea-porcelanico-negro,Chimenea de doble cara revestida de porcelánico
0118,revestimientos,pared-porcelanico-negro-dorado,Pared de porcelánico negro con vetas doradas e iluminación
0380,revestimientos,pared-porcelanico-negro-dorado,Pared de chimenea en porcelánico negro y oro
1322,revestimientos,base-chimenea-piedra,Base de chimenea revestida de piedra veteada
1546,mobiliario,mesa-ovalada-marmol,Mesa de comedor ovalada de mármol
1548,mobiliario,mesa-ovalada-marmol,Mesa ovalada de mármol con base negra
1427,mobiliario,mesa-redonda-porcelanico-roble,Mesa redonda de porcelánico efecto mármol con canto de roble
1421,mobiliario,mesa-redonda-porcelanico-roble,Mesa redonda de porcelánico blanco y roble
0136,mobiliario,mesa-porcelanico-blanco,Mesa de porcelánico blanco con pata en X
1350,mobiliario,mesa-comedor-porcelanico-negro,Mesa de comedor de porcelánico negro
0395,mobiliario,mesa-centro-cascada-marmol,Mesa de centro en cascada efecto mármol verde
0461,mobiliario,mostrador-recepcion-solid-surface,Mostrador de recepción curvo de solid surface
0045,mobiliario,banco-curvo-solid-surface,Banco curvo de solid surface
1578,esculturas,escultura-piedra-cnc,Escultura de piedra tallada por CNC
1584,esculturas,escultura-piedra-cnc,Pieza escultórica de piedra con ondas
1460,alfeizares,alfeizar-curvo-piedra,Alféizar curvo de piedra en ventana panorámica
1533,alfeizares,alfeizar-porcelanico-calacatta,Alféizar de porcelánico efecto calacatta
1619,taller,lavabo-porcelanico-taller,Lavabo de porcelánico en fabricación en el taller
1645,taller,lavabo-porcelanico-taller,Encimera de baño con cubeta integrada en el taller
1654,taller,mueble-lavabo-revestido-porcelanico,Mueble lavabo revestido de porcelánico en el taller
1662,taller,mueble-lavabo-revestido-porcelanico,Mueble revestido de porcelánico verde ónix
1650,taller,placa-porcelanico-calacatta-oro,Placa de porcelánico calacatta oro
0244,taller,placa-porcelanico-negro-dorado,Placa de porcelánico negro con vetas doradas
1446,taller,lavabo-solid-surface-taller,Lavabo de solid surface recién fabricado
